Player_Name,Appearances,Goals,Goals per match,Headed goals,Goals with right foot,Goals with left foot,Penalties scored,Freekicks scored,Shots,Shots on target,Shooting accuracy %,Hit woodwork,Big chances missed,Assists,Passes,Passes per match,Big Chances Created,Crosses,Cross accuracy %,Through balls,Accurate long balls,Yellow cards,Red cards,Fouls,Offsides,Tackles,Tackle success %,Blocked shots,Interceptions,Clearances,Headed Clearance,Recoveries,Duels won,Duels lost,Successful 50/50s,Aerial battles won,Aerial battles lost,Errors leading to goal,Assists_PA,Shots_PA,Tackles_PA,Interceptions_PA,Big_chances_PA,Recoveries_PA,Duels_won_PA,Through_balls_PA,Accurate_long_balls_PA,Aerial_battles_won_PA,Cluster,Market Value (M Euro)
David Brooks,58,9,0.16,1,0,8,0,0,65,28,43,4,11,6,1177,20.29,11,78,23,17,33,6,0,28,3,49,71,15,30,29,5,149,155,231,42,11,48,0,0.10344827586206896,1.1206896551724137,0.8448275862068966,0.5172413793103449,0.1896551724137931,2.5689655172413794,2.6724137931034484,0.29310344827586204,0.5689655172413793,0.1896551724137931,Attacking,8.0
Ryan Christie,72,1,0.01,0,0,1,0,0,76,22,29,1,1,6,1903,26.43,11,107,28,23,113,9,0,86,6,122,55,29,78,70,40,383,334,405,89,39,66,0,0.08333333333333333,1.0555555555555556,1.6944444444444444,1.0833333333333333,0.1527777777777778,5.319444444444445,4.638888888888889,0.3194444444444444,1.5694444444444444,0.5416666666666666,Defensive,12.0
Marcus Tavernier,56,9,0.16,0,2,7,0,0,102,36,35,1,6,8,1446,25.82,12,223,22,8,49,4,0,43,7,93,65,29,14,38,23,278,269,349,91,33,71,0,0.14285714285714285,1.8214285714285714,1.6607142857142858,0.25,0.21428571428571427,4.964285714285714,4.803571428571429,0.14285714285714285,0.875,0.5892857142857143,Attacking,20.0
Joe Rothwell,31,0,0.0,0,0,0,0,0,5,2,40,1,0,1,630,20.32,1,39,28,4,21,2,0,21,0,27,56,2,12,9,1,88,56,62,23,2,5,0,0.03225806451612903,0.16129032258064516,0.8709677419354839,0.3870967741935484,0.03225806451612903,2.838709677419355,1.8064516129032258,0.12903225806451613,0.6774193548387096,0.06451612903225806,Balanced,2.5
Hamed Traorè,10,0,0.0,0,0,0,0,0,9,2,22,1,1,0,159,15.9,0,44,27,6,4,0,0,4,1,18,61,5,2,1,0,37,46,47,20,4,3,0,0.0,0.9,1.8,0.2,0.0,3.7,4.6,0.6,0.4,0.4,Balanced,17.0
Jefferson Lerma,130,9,0.07,2,6,1,0,0,131,31,24,5,6,3,5832,44.86,12,35,20,19,255,39,1,167,10,192,61,22,197,286,174,943,674,571,71,265,202,1,0.023076923076923078,1.0076923076923077,1.476923076923077,1.5153846153846153,0.09230769230769231,7.253846153846154,5.184615384615385,0.14615384615384616,1.9615384615384615,2.0384615384615383,Defensive,20.0
Alex Scott,26,1,0.04,0,0,1,0,0,16,4,25,0,0,1,476,18.31,4,36,19,2,18,3,0,21,1,36,58,5,15,20,10,69,96,98,13,18,24,1,0.038461538461538464,0.6153846153846154,1.3846153846153846,0.5769230769230769,0.15384615384615385,2.6538461538461537,3.6923076923076925,0.07692307692307693,0.6923076923076923,0.6923076923076923,Balanced,20.0
Philip Billing,143,12,0.08,1,3,7,0,0,150,45,30,5,6,4,4108,28.73,16,150,17,7,179,26,1,138,8,268,59,42,188,224,139,631,771,632,86,313,180,3,0.027972027972027972,1.048951048951049,1.8741258741258742,1.3146853146853146,0.11188811188811189,4.4125874125874125,5.391608391608392,0.04895104895104895,1.2517482517482517,2.1888111888111887,Defensive,22.0
Lewis Cook,139,1,0.01,1,0,0,0,0,55,11,20,0,0,9,4782,34.4,8,240,28,15,281,23,1,133,4,224,58,22,160,122,50,774,490,570,115,85,103,2,0.06474820143884892,0.39568345323741005,1.6115107913669064,1.1510791366906474,0.05755395683453238,5.568345323741007,3.5251798561151078,0.1079136690647482,2.0215827338129495,0.6115107913669064,Defensive,12.0
Douglas Luiz,175,20,0.11,1,16,3,4,1,169,57,34,3,6,18,7745,44.26,26,351,23,28,433,41,2,246,2,284,57,62,176,148,58,977,770,770,130,149,152,3,0.10285714285714286,0.9657142857142857,1.6228571428571428,1.0057142857142858,0.14857142857142858,5.582857142857143,4.4,0.16,2.474285714285714,0.8514285714285714,Defensive,70.0
John McGinn,172,16,0.09,0,3,13,0,1,228,74,32,4,12,19,5493,31.94,32,356,27,50,460,40,1,221,3,348,60,58,149,100,33,930,1060,904,250,97,136,0,0.11046511627906977,1.3255813953488371,2.0232558139534884,0.8662790697674418,0.18604651162790697,5.406976744186046,6.162790697674419,0.29069767441860467,2.6744186046511627,0.563953488372093,Defensive,30.0
Emiliano Buendía,109,10,0.09,3,5,2,0,0,133,36,27,4,5,15,3250,29.82,25,216,22,49,163,7,1,96,6,171,47,45,52,46,25,435,554,668,170,71,140,2,0.13761467889908258,1.2201834862385321,1.5688073394495412,0.47706422018348627,0.22935779816513763,3.9908256880733943,5.08256880733945,0.44954128440366975,1.4954128440366972,0.6513761467889908,Attacking,22.0
Leander Dendoncker,152,10,0.07,2,5,3,0,0,98,36,37,5,16,2,4379,28.81,4,31,26,1,161,14,0,88,5,246,48,16,117,191,120,543,611,536,44,283,250,1,0.013157894736842105,0.6447368421052632,1.618421052631579,0.7697368421052632,0.02631578947368421,3.5723684210526314,4.019736842105263,0.006578947368421052,1.0592105263157894,1.861842105263158,Balanced,7.0
Boubacar Kamara,44,0,0.0,0,0,0,0,0,9,2,22,0,0,2,1964,44.64,2,3,0,8,89,11,1,69,0,101,53,1,40,38,18,223,232,212,30,42,42,2,0.045454545454545456,0.20454545454545456,2.2954545454545454,0.9090909090909091,0.045454545454545456,5.068181818181818,5.2727272727272725,0.18181818181818182,2.022727272727273,0.9545454545454546,Defensive,38.0
Jacob Ramsey,110,13,0.12,0,8,5,0,0,100,32,32,2,9,10,2462,22.38,13,63,21,9,55,13,0,88,5,164,59,30,54,66,22,360,403,439,83,44,82,0,0.09090909090909091,0.9090909090909091,1.490909090909091,0.4909090909090909,0.11818181818181818,3.272727272727273,3.6636363636363636,0.08181818181818182,0.5,0.4,Balanced,35.0
Youri Tielemans,186,23,0.12,1,19,3,5,0,242,78,32,9,5,27,9217,49.55,39,373,18,78,442,21,0,170,2,345,54,85,140,110,63,1030,844,744,154,136,109,1,0.14516129032258066,1.3010752688172043,1.8548387096774193,0.7526881720430108,0.20967741935483872,5.537634408602151,4.537634408602151,0.41935483870967744,2.3763440860215055,0.7311827956989247,Defensive,25.0
Bruno Fernandes,162,54,0.33,3,46,5,19,1,449,177,39,17,34,41,8688,53.63,92,772,23,107,581,33,0,169,37,276,56,130,106,165,87,844,651,868,116,79,157,1,0.25308641975308643,2.771604938271605,1.7037037037037037,0.654320987654321,0.5679012345679012,5.209876543209877,4.018518518518518,0.6604938271604939,3.5864197530864197,0.4876543209876543,Attacking,70.0
Matheus Nunes,55,1,0.02,0,1,0,0,0,38,13,34,2,5,4,1513,27.51,5,66,24,8,85,2,2,46,7,80,60,12,23,41,21,195,247,232,65,29,39,2,0.07272727272727272,0.6909090909090909,1.4545454545454546,0.41818181818181815,0.09090909090909091,3.5454545454545454,4.490909090909091,0.14545454545454545,1.5454545454545454,0.5272727272727272,Balanced,50.0
Stefan Bajcetic,12,1,0.08,0,0,1,0,0,6,3,50,0,0,0,263,21.92,0,5,20,0,12,2,0,8,0,13,54,2,9,4,3,42,40,44,7,9,5,0,0.0,0.5,1.0833333333333333,0.75,0.0,3.5,3.3333333333333335,0.0,1.0,0.75,Balanced,11.0
Bernardo Silva,236,39,0.17,2,4,33,0,0,279,111,40,7,29,44,10695,45.32,59,443,18,26,344,32,0,166,21,293,56,89,130,86,26,866,791,913,279,56,136,0,0.1864406779661017,1.1822033898305084,1.2415254237288136,0.5508474576271186,0.25,3.669491525423729,3.3516949152542375,0.11016949152542373,1.4576271186440677,0.23728813559322035,Attacking,70.0
Harvey Elliott,77,4,0.05,0,0,4,0,0,96,31,32,3,2,8,2136,27.74,12,109,28,12,79,4,0,23,3,57,61,36,25,14,6,236,147,170,31,15,31,0,0.1038961038961039,1.2467532467532467,0.7402597402597403,0.3246753246753247,0.15584415584415584,3.064935064935065,1.9090909090909092,0.15584415584415584,1.025974025974026,0.19480519480519481,Balanced,35.0
Shandon Baptiste,55,2,0.04,0,1,1,0,0,18,7,39,0,0,2,663,12.05,3,22,32,2,26,2,2,20,2,33,52,7,21,26,15,124,103,110,31,16,31,0,0.03636363636363636,0.32727272727272727,0.6,0.38181818181818183,0.05454545454545454,2.2545454545454544,1.8727272727272728,0.03636363636363636,0.4727272727272727,0.2909090909090909,Balanced,2.5
Sofyan Amrabat,21,0,0.0,0,0,0,0,0,3,0,0,1,0,0,645,30.71,0,7,14,0,35,6,0,24,0,27,59,1,8,19,9,60,48,56,6,5,6,1,0.0,0.14285714285714285,1.2857142857142858,0.38095238095238093,0.0,2.857142857142857,2.2857142857142856,0.0,1.6666666666666667,0.23809523809523808,Balanced,22.0
James Maddison,194,47,0.24,0,35,12,2,8,453,158,35,8,24,43,7383,38.06,63,934,25,90,339,30,1,158,24,266,55,151,68,38,15,661,989,814,241,36,98,1,0.22164948453608246,2.3350515463917527,1.3711340206185567,0.35051546391752575,0.3247422680412371,3.4072164948453607,5.097938144329897,0.4639175257731959,1.7474226804123711,0.18556701030927836,Attacking,70.0
Oliver Skipp,79,1,0.01,0,1,0,0,0,18,6,33,0,1,0,2215,28.04,1,17,24,5,69,17,0,53,1,96,56,8,34,38,15,243,200,191,21,34,51,1,0.0,0.22784810126582278,1.2151898734177216,0.43037974683544306,0.012658227848101266,3.0759493670886076,2.5316455696202533,0.06329113924050633,0.8734177215189873,0.43037974683544306,Balanced,15.0
Mario Lemina,131,7,0.05,3,4,0,0,0,125,33,26,3,4,5,4846,36.99,7,42,21,20,224,25,2,154,12,306,63,36,172,166,88,681,670,516,143,131,102,1,0.03816793893129771,0.9541984732824428,2.33587786259542,1.3129770992366412,0.05343511450381679,5.198473282442748,5.114503816793893,0.15267175572519084,1.7099236641221374,1.0,Defensive,10.0
Jack Hinshelwood,16,3,0.19,2,1,0,0,0,17,9,53,1,3,0,589,36.81,1,18,22,0,14,1,0,12,1,17,29,2,16,21,11,41,30,41,1,8,11,0,0.0,1.0625,1.0625,1.0,0.0625,2.5625,1.875,0.0,0.875,0.5,Balanced,16.0
Moisés Caicedo,83,3,0.04,0,3,0,0,0,52,16,31,2,0,5,4747,57.19,7,28,32,26,190,24,0,126,1,216,51,25,109,67,33,517,476,354,63,80,57,2,0.060240963855421686,0.6265060240963856,2.602409638554217,1.3132530120481927,0.08433734939759036,6.228915662650603,5.734939759036145,0.3132530120481928,2.289156626506024,0.963855421686747,Defensive,75.0
Pierre-Emile Højbjerg,254,12,0.05,0,10,2,0,0,240,73,30,7,11,15,14660,57.72,20,141,29,42,784,41,2,299,3,504,60,64,340,327,173,1865,1243,1136,206,250,189,3,0.05905511811023622,0.9448818897637795,1.984251968503937,1.3385826771653544,0.07874015748031496,7.34251968503937,4.893700787401575,0.16535433070866143,3.0866141732283463,0.984251968503937,Defensive,18.0
Pablo Sarabia,45,5,0.11,1,1,3,2,0,68,25,37,0,7,7,1166,25.91,10,179,26,11,46,8,0,34,12,34,56,22,13,10,5,134,100,169,22,10,36,0,0.15555555555555556,1.511111111111111,0.7555555555555555,0.28888888888888886,0.2222222222222222,2.977777777777778,2.2222222222222223,0.24444444444444444,1.0222222222222221,0.2222222222222222,Attacking,10.0
Enzo Fernández,49,3,0.06,1,2,0,1,0,70,20,29,3,6,4,3404,69.47,8,65,18,34,273,10,0,45,5,104,52,20,33,38,16,252,231,226,41,29,33,0,0.08163265306122448,1.4285714285714286,2.122448979591837,0.673469387755102,0.16326530612244897,5.142857142857143,4.714285714285714,0.6938775510204082,5.571428571428571,0.5918367346938775,Defensive,75.0
Jakub Moder,57,0,0.0,0,0,0,0,0,52,12,23,4,6,3,1312,23.02,7,62,15,7,20,4,0,39,4,76,55,19,15,39,16,182,157,198,27,35,54,0,0.05263157894736842,0.9122807017543859,1.3333333333333333,0.2631578947368421,0.12280701754385964,3.192982456140351,2.754385964912281,0.12280701754385964,0.3508771929824561,0.6140350877192983,Balanced,10.0
Facundo Buonanotte,43,5,0.12,0,0,5,0,0,34,13,38,2,2,3,711,16.53,6,18,44,3,15,9,0,47,7,51,49,11,13,7,3,99,139,200,27,8,23,0,0.06976744186046512,0.7906976744186046,1.186046511627907,0.3023255813953488,0.13953488372093023,2.302325581395349,3.2325581395348837,0.06976744186046512,0.3488372093023256,0.18604651162790697,Balanced,18.0
Ryan Gravenberch,29,1,0.03,0,1,0,0,0,23,8,35,1,1,0,672,23.17,1,4,0,6,9,1,0,28,0,34,53,7,21,13,3,90,91,98,26,12,14,0,0.0,0.7931034482758621,1.1724137931034482,0.7241379310344828,0.034482758620689655,3.103448275862069,3.1379310344827585,0.20689655172413793,0.3103448275862069,0.41379310344827586,Balanced,35.0
Giovani Lo Celso,77,3,0.04,0,0,3,0,0,55,16,29,2,3,5,2168,28.16,6,111,21,11,85,13,0,61,2,109,62,14,22,24,10,240,286,276,57,23,45,0,0.06493506493506493,0.7142857142857143,1.4155844155844155,0.2857142857142857,0.07792207792207792,3.116883116883117,3.7142857142857144,0.14285714285714285,1.103896103896104,0.2987012987012987,Balanced,16.0
Bryan Mbeumo,101,25,0.25,0,1,24,5,0,207,79,38,12,29,21,2265,22.43,28,335,27,29,73,13,0,72,25,70,64,42,32,44,22,373,379,622,113,90,221,0,0.2079207920792079,2.0495049504950495,0.693069306930693,0.31683168316831684,0.27722772277227725,3.6930693069306932,3.7524752475247523,0.2871287128712871,0.7227722772277227,0.8910891089108911,Attacking,40.0
Pascal Groß,228,30,0.13,2,20,8,6,1,247,93,38,4,19,45,10413,45.67,73,1392,31,40,490,25,0,159,44,302,57,84,112,129,46,862,596,837,72,110,240,1,0.19736842105263158,1.0833333333333333,1.3245614035087718,0.49122807017543857,0.3201754385964912,3.780701754385965,2.6140350877192984,0.17543859649122806,2.1491228070175437,0.4824561403508772,Attacking,8.0
Wilfred Ndidi,195,7,0.04,1,4,2,0,0,193,33,17,5,4,10,9394,48.17,7,40,5,19,382,34,2,308,6,701,62,52,391,442,240,1560,1494,1233,143,516,420,3,0.05128205128205128,0.9897435897435898,3.594871794871795,2.005128205128205,0.035897435897435895,8.0,7.661538461538462,0.09743589743589744,1.958974358974359,2.646153846153846,Defensive,16.0
Conor Gallagher,136,18,0.13,1,15,2,0,0,157,58,37,7,12,13,4678,34.4,22,307,25,9,161,37,2,226,5,280,58,43,122,94,42,686,731,790,135,90,131,0,0.09558823529411764,1.1544117647058822,2.0588235294117645,0.8970588235294118,0.16176470588235295,5.044117647058823,5.375,0.0661764705882353,1.1838235294117647,0.6617647058823529,Defensive,50.0
Scott McTominay,178,19,0.11,5,10,4,0,0,157,57,36,1,13,4,5469,30.72,10,54,19,10,255,28,0,215,9,261,54,53,149,264,176,746,855,705,120,281,201,2,0.02247191011235955,0.8820224719101124,1.4662921348314606,0.8370786516853933,0.056179775280898875,4.191011235955056,4.803370786516854,0.056179775280898875,1.4325842696629214,1.5786516853932584,Defensive,32.0
Mohammed Kudus,36,8,0.22,0,4,4,0,0,74,17,23,3,4,6,834,23.17,6,109,22,4,48,6,0,43,17,70,71,27,11,8,0,222,303,273,135,17,30,0,0.16666666666666666,2.0555555555555554,1.9444444444444444,0.3055555555555556,0.16666666666666666,6.166666666666667,8.416666666666666,0.1111111111111111,1.3333333333333333,0.4722222222222222,Attacking,50.0
Yves Bissouma,165,4,0.02,0,4,0,0,0,141,24,17,2,4,2,6907,41.86,5,26,19,15,242,43,3,210,3,390,65,36,219,212,126,854,844,672,204,118,112,2,0.012121212121212121,0.8545454545454545,2.3636363636363638,1.3272727272727274,0.030303030303030304,5.175757575757576,5.115151515151515,0.09090909090909091,1.4666666666666666,0.7151515151515152,Defensive,35.0
Rodrigo Bentancur,60,6,0.1,0,4,2,0,0,50,18,36,1,2,7,2715,45.25,6,34,24,12,81,22,0,69,0,107,60,13,59,69,38,274,242,246,46,51,58,0,0.11666666666666667,0.8333333333333334,1.7833333333333334,0.9833333333333333,0.1,4.566666666666666,4.033333333333333,0.2,1.35,0.85,Defensive,35.0
Tom Cairney,122,6,0.05,0,1,5,0,0,83,23,28,3,0,6,4379,35.89,13,154,24,14,216,10,0,50,1,108,56,30,50,32,7,438,379,284,107,45,46,0,0.04918032786885246,0.680327868852459,0.8852459016393442,0.4098360655737705,0.10655737704918032,3.5901639344262297,3.1065573770491803,0.11475409836065574,1.7704918032786885,0.36885245901639346,Balanced,2.0
James Milner,637,55,0.09,1,38,8,17,4,532,159,30,8,14,89,18852,29.59,52,2413,23,121,988,76,3,503,48,908,76,184,490,484,159,2006,2070,2462,332,393,568,2,0.13971742543171115,0.8351648351648352,1.4254317111459969,0.7692307692307693,0.08163265306122448,3.1491365777080063,3.2496075353218212,0.18995290423861852,1.5510204081632653,0.6169544740973313,Balanced,1.0
Jean-Ricner Bellegarde,25,3,0.12,0,3,0,0,0,18,6,33,0,0,1,324,12.96,1,32,9,1,7,1,1,16,2,20,60,6,9,14,7,47,73,96,17,8,31,0,0.04,0.72,0.8,0.36,0.04,1.88,2.92,0.04,0.28,0.32,Balanced,15.0
Eberechi Eze,115,27,0.23,2,19,6,2,2,216,79,37,4,7,15,3350,29.13,19,304,31,21,101,10,0,78,16,118,55,71,53,20,9,543,586,569,224,51,103,1,0.13043478260869565,1.8782608695652174,1.0260869565217392,0.4608695652173913,0.16521739130434782,4.721739130434782,5.095652173913043,0.1826086956521739,0.8782608695652174,0.4434782608695652,Attacking,55.0
Frank Onyeka,69,1,0.01,0,1,0,0,0,47,18,38,1,5,4,948,13.74,3,30,20,2,32,12,0,74,6,81,68,15,47,46,16,194,228,248,33,33,59,0,0.057971014492753624,0.6811594202898551,1.173913043478261,0.6811594202898551,0.043478260869565216,2.8115942028985508,3.3043478260869565,0.028985507246376812,0.463768115942029,0.4782608695652174,Balanced,9.0
Roméo Lavia,31,1,0.03,0,1,0,0,0,12,3,25,0,0,0,1057,34.1,1,3,67,5,48,9,0,30,0,64,56,6,36,25,6,193,149,117,28,9,10,1,0.0,0.3870967741935484,2.064516129032258,1.1612903225806452,0.03225806451612903,6.225806451612903,4.806451612903226,0.16129032258064516,1.5483870967741935,0.2903225806451613,Defensive,35.0
Bruno Guimarães,89,16,0.18,3,12,1,0,0,101,37,37,3,6,14,4525,50.84,17,69,28,56,283,21,0,113,5,221,55,29,84,55,19,569,647,489,142,41,46,0,0.15730337078651685,1.1348314606741574,2.4831460674157304,0.9438202247191011,0.19101123595505617,6.393258426966292,7.269662921348314,0.6292134831460674,3.1797752808988764,0.4606741573033708,Defensive,85.0
Mikkel Damsgaard,52,0,0.0,0,0,0,0,0,23,11,48,0,6,2,815,15.67,9,61,11,16,38,6,0,28,3,64,64,7,24,20,7,141,127,139,21,22,20,0,0.038461538461538464,0.4423076923076923,1.2307692307692308,0.46153846153846156,0.17307692307692307,2.7115384615384617,2.4423076923076925,0.3076923076923077,0.7307692307692307,0.4230769230769231,Balanced,10.0
Will Hughes,152,6,0.04,0,1,4,0,0,90,21,23,0,5,11,3980,26.18,12,178,24,10,70,31,0,207,3,306,57,33,124,92,35,621,654,654,78,79,136,0,0.07236842105263158,0.5921052631578947,2.013157894736842,0.8157894736842105,0.07894736842105263,4.0855263157894735,4.302631578947368,0.06578947368421052,0.4605263157894737,0.5197368421052632,Balanced,9.0
Dejan Kulusevski,87,15,0.17,1,3,11,0,0,128,44,34,1,7,19,2326,26.74,26,186,26,25,31,12,0,115,18,120,51,60,46,13,5,365,341,514,134,16,34,0,0.21839080459770116,1.471264367816092,1.3793103448275863,0.5287356321839081,0.2988505747126437,4.195402298850575,3.9195402298850577,0.28735632183908044,0.3563218390804598,0.1839080459770115,Attacking,55.0
Julio Enciso,34,4,0.12,1,3,0,0,0,67,26,39,2,5,4,420,12.35,7,26,15,5,5,3,0,19,4,19,32,14,4,4,3,49,102,99,50,8,10,0,0.11764705882352941,1.9705882352941178,0.5588235294117647,0.11764705882352941,0.20588235294117646,1.4411764705882353,3.0,0.14705882352941177,0.14705882352941177,0.23529411764705882,Attacking,22.0
João Palhinha,68,7,0.1,4,3,0,0,0,84,23,27,1,5,1,2588,38.06,1,8,13,6,168,27,0,100,3,300,53,24,92,113,53,407,542,359,25,113,71,0,0.014705882352941176,1.2352941176470589,4.411764705882353,1.3529411764705883,0.014705882352941176,5.985294117647059,7.970588235294118,0.08823529411764706,2.4705882352941178,1.661764705882353,Defensive,55.0
Harry Wilson,98,13,0.13,0,0,13,0,2,114,37,32,4,5,9,1551,15.83,11,99,19,11,93,10,0,45,8,65,62,42,27,34,17,221,239,227,44,16,41,0,0.09183673469387756,1.163265306122449,0.6632653061224489,0.2755102040816326,0.11224489795918367,2.2551020408163267,2.438775510204082,0.11224489795918367,0.9489795918367347,0.16326530612244897,Balanced,17.0
Kaoru Mitoma,55,11,0.2,3,8,0,0,0,91,39,43,2,19,10,1585,28.82,16,91,0,0,0,4,0,46,13,60,0,19,22,16,5,0,0,0,0,0,0,0,0.18181818181818182,1.6545454545454545,1.0909090909090908,0.4,0.2909090909090909,0.0,0.0,0.0,0.0,0.0,Attacking,45.0
Cheick Doucouré,47,0,0.0,0,0,0,0,0,43,9,21,1,0,3,1682,35.79,4,7,29,8,57,11,1,48,0,113,57,15,77,57,23,296,189,158,26,35,39,0,0.06382978723404255,0.9148936170212766,2.404255319148936,1.6382978723404256,0.0851063829787234,6.297872340425532,4.0212765957446805,0.1702127659574468,1.2127659574468086,0.7446808510638298,Defensive,35.0
Pape Sarr,48,3,0.06,0,1,2,0,0,41,16,39,1,3,4,1559,32.48,3,27,22,6,28,11,0,38,0,49,69,12,37,34,22,173,121,132,21,28,33,0,0.08333333333333333,0.8541666666666666,1.0208333333333333,0.7708333333333334,0.0625,3.6041666666666665,2.5208333333333335,0.125,0.5833333333333334,0.5833333333333334,Balanced,45.0
Sasa Lukic,39,1,0.03,0,0,1,0,0,18,4,22,0,2,0,853,21.87,0,6,17,4,19,5,0,46,0,47,53,7,26,22,11,111,98,107,9,19,14,0,0.0,0.46153846153846156,1.205128205128205,0.6666666666666666,0.0,2.8461538461538463,2.5128205128205128,0.10256410256410256,0.48717948717948717,0.48717948717948717,Balanced,10.0
Wataru Endo,30,1,0.03,0,1,0,0,0,10,3,30,1,0,0,1306,43.53,2,4,50,5,28,10,0,50,0,48,58,4,20,30,25,109,114,145,10,31,27,0,0.0,0.3333333333333333,1.6,0.6666666666666666,0.06666666666666667,3.6333333333333333,3.8,0.16666666666666666,0.9333333333333333,1.0333333333333334,Balanced,13.0
Dominik Szoboszlai,36,3,0.08,1,1,1,0,0,65,15,23,0,3,3,1548,43.0,9,117,25,5,59,2,0,33,3,35,54,27,16,14,5,190,104,146,25,15,22,0,0.08333333333333333,1.8055555555555556,0.9722222222222222,0.4444444444444444,0.25,5.277777777777778,2.888888888888889,0.1388888888888889,1.6388888888888888,0.4166666666666667,Attacking,75.0
Kevin Schade,32,2,0.06,0,2,0,0,0,23,9,39,2,6,2,275,8.59,5,23,26,2,1,2,0,24,9,19,63,3,5,9,6,59,105,127,17,53,42,0,0.0625,0.71875,0.59375,0.15625,0.15625,1.84375,3.28125,0.0625,0.03125,1.65625,Balanced,22.0
James Garner,55,1,0.02,0,1,0,0,0,50,14,28,4,2,3,1424,25.89,7,149,20,4,56,10,0,55,4,99,58,13,57,59,19,242,215,179,26,37,35,1,0.05454545454545454,0.9090909090909091,1.8,1.0363636363636364,0.12727272727272726,4.4,3.909090909090909,0.07272727272727272,1.018181818181818,0.6727272727272727,Balanced,22.0
Billy Gilmour,81,0,0.0,0,0,0,0,0,52,9,17,1,0,3,4067,50.21,5,138,33,15,181,11,1,65,1,84,55,25,40,52,21,322,206,248,29,33,53,0,0.037037037037037035,0.6419753086419753,1.037037037037037,0.49382716049382713,0.06172839506172839,3.9753086419753085,2.54320987654321,0.18518518518518517,2.234567901234568,0.4074074074074074,Balanced,18.0
Kevin De Bruyne,263,69,0.26,1,45,23,4,4,642,227,35,31,24,113,13337,50.71,187,1816,26,205,681,21,0,202,28,318,64,185,117,96,58,1141,997,1185,344,100,152,1,0.4296577946768061,2.44106463878327,1.209125475285171,0.4448669201520912,0.7110266159695817,4.338403041825095,3.790874524714829,0.779467680608365,2.5893536121673004,0.38022813688212925,Attacking,50.0
Harvey Barnes,170,41,0.24,1,30,10,0,0,326,135,41,1,34,29,3324,19.55,33,197,15,22,53,7,0,107,28,109,53,94,38,36,16,459,553,754,179,117,189,0,0.17058823529411765,1.9176470588235295,0.6411764705882353,0.2235294117647059,0.19411764705882353,2.7,3.2529411764705882,0.12941176470588237,0.31176470588235294,0.6882352941176471,Attacking,35.0
Naouirou Ahamada,28,0,0.0,0,0,0,0,0,12,2,17,0,0,0,223,7.96,0,8,0,0,9,3,1,11,3,16,69,4,2,4,1,38,33,44,8,4,4,0,0.0,0.42857142857142855,0.5714285714285714,0.07142857142857142,0.0,1.3571428571428572,1.1785714285714286,0.0,0.32142857142857145,0.14285714285714285,Balanced,8.0
Adam Lallana,292,33,0.11,2,14,15,0,0,335,112,33,9,25,33,9075,31.08,32,514,20,52,189,23,0,181,62,401,70,108,201,149,58,1127,1093,1321,249,154,297,0,0.11301369863013698,1.1472602739726028,1.3732876712328768,0.6883561643835616,0.1095890410958904,3.8595890410958904,3.743150684931507,0.1780821917808219,0.6472602739726028,0.5273972602739726,Balanced,1.0
Mateo Kovacic,175,6,0.03,0,6,0,0,0,141,27,19,1,6,13,9319,53.25,22,34,15,51,341,31,0,114,0,286,64,61,83,81,31,735,742,531,255,50,57,0,0.07428571428571429,0.8057142857142857,1.6342857142857143,0.4742857142857143,0.12571428571428572,4.2,4.24,0.2914285714285714,1.9485714285714286,0.2857142857142857,Defensive,30.0
Jacob Murphy,153,11,0.07,1,10,0,0,1,142,43,30,6,10,17,2085,13.63,28,302,21,18,65,8,0,68,8,145,57,41,57,71,34,439,376,476,117,39,102,0,0.1111111111111111,0.9281045751633987,0.9477124183006536,0.37254901960784315,0.1830065359477124,2.869281045751634,2.457516339869281,0.11764705882352941,0.42483660130718953,0.2549019607843137,Balanced,15.0
Alexis Mac Allister,134,21,0.16,2,18,0,9,1,223,58,26,5,13,10,5366,40.04,11,162,22,37,200,20,1,146,5,277,57,84,82,58,25,657,636,608,100,95,95,2,0.07462686567164178,1.664179104477612,2.0671641791044775,0.6119402985074627,0.08208955223880597,4.902985074626866,4.746268656716418,0.27611940298507465,1.492537313432836,0.7089552238805971,Defensive,75.0
Pablo Fornals,152,16,0.11,0,11,5,0,0,163,49,30,6,12,13,4119,27.1,20,260,16,25,190,10,0,85,22,184,56,46,108,42,14,656,412,622,85,70,152,0,0.08552631578947369,1.0723684210526316,1.2105263157894737,0.7105263157894737,0.13157894736842105,4.315789473684211,2.710526315789474,0.16447368421052633,1.25,0.4605263157894737,Balanced,14.0
Carney Chukwuemeka,37,1,0.03,0,1,0,0,0,13,4,31,2,1,2,462,12.49,1,4,50,2,8,2,0,10,1,28,50,7,8,4,1,50,68,72,14,10,22,0,0.05405405405405406,0.35135135135135137,0.7567567567567568,0.21621621621621623,0.02702702702702703,1.3513513513513513,1.837837837837838,0.05405405405405406,0.21621621621621623,0.2702702702702703,Balanced,15.0
Tomás Soucek,162,28,0.17,7,14,6,0,0,215,72,33,3,20,7,5309,32.77,11,52,23,2,237,21,1,215,18,308,53,47,227,410,251,769,1113,985,32,671,520,1,0.043209876543209874,1.3271604938271604,1.9012345679012346,1.4012345679012346,0.06790123456790123,4.746913580246914,6.87037037037037,0.012345679012345678,1.462962962962963,4.1419753086419755,Defensive,30.0
Vitaly Janelt,107,8,0.07,2,0,6,0,0,67,24,36,1,4,4,3318,31.01,8,124,29,11,185,14,0,76,8,183,55,21,95,112,42,502,392,287,30,103,75,1,0.037383177570093455,0.6261682242990654,1.7102803738317758,0.8878504672897196,0.07476635514018691,4.691588785046729,3.663551401869159,0.102803738317757,1.7289719626168225,0.9626168224299065,Balanced,22.0
Harrison Reed,115,3,0.03,0,3,0,0,0,46,16,35,2,2,8,3718,32.33,7,104,23,2,122,16,0,113,4,171,67,12,100,90,33,447,336,414,31,67,96,0,0.06956521739130435,0.4,1.4869565217391305,0.8695652173913043,0.06086956521739131,3.8869565217391306,2.9217391304347826,0.017391304347826087,1.0608695652173914,0.5826086956521739,Balanced,15.0
Solly March,182,14,0.08,3,2,9,0,0,222,80,36,4,18,18,4562,25.07,37,711,23,8,249,10,0,183,48,286,57,71,134,146,62,708,805,879,246,119,213,0,0.0989010989010989,1.2197802197802199,1.5714285714285714,0.7362637362637363,0.2032967032967033,3.89010989010989,4.423076923076923,0.04395604395604396,1.3681318681318682,0.6538461538461539,Balanced,18.0
Yehor Yarmoliuk,27,0,0.0,0,0,0,0,0,11,5,45,0,2,0,282,10.44,0,14,7,0,9,2,0,12,1,17,65,3,6,5,2,50,49,47,17,9,10,0,0.0,0.4074074074074074,0.6296296296296297,0.2222222222222222,0.0,1.8518518518518519,1.8148148148148149,0.0,0.3333333333333333,0.3333333333333333,Balanced,10.0
Idrissa Gueye,195,7,0.04,0,6,1,0,1,141,35,25,2,3,6,9253,47.45,5,72,19,13,433,48,1,306,2,721,69,47,447,203,72,1586,1336,928,166,174,146,4,0.03076923076923077,0.7230769230769231,3.6974358974358976,2.292307692307692,0.02564102564102564,8.133333333333333,6.851282051282051,0.06666666666666667,2.2205128205128206,0.8923076923076924,Defensive,3.0
Mykhailo Mudryk,48,5,0.1,0,3,2,0,0,49,17,35,1,9,4,677,14.1,7,106,19,7,19,6,0,31,2,32,66,9,9,8,4,88,139,170,54,13,23,0,0.08333333333333333,1.0208333333333333,0.6666666666666666,0.1875,0.14583333333333334,1.8333333333333333,2.8958333333333335,0.14583333333333334,0.3958333333333333,0.2708333333333333,Balanced,35.0
Elliot Anderson,47,0,0.0,0,0,0,0,0,33,9,27,1,2,4,692,14.72,4,37,24,5,12,4,0,31,2,43,70,12,16,25,13,103,142,142,33,34,22,0,0.0851063829787234,0.7021276595744681,0.9148936170212766,0.3404255319148936,0.0851063829787234,2.1914893617021276,3.021276595744681,0.10638297872340426,0.2553191489361702,0.723404255319149,Balanced,15.0
Tommy Doyle,29,0,0.0,0,0,0,0,0,17,4,24,0,0,0,962,33.17,1,29,21,2,77,2,0,12,0,26,50,3,12,18,9,95,32,34,1,0,4,0,0.0,0.5862068965517241,0.896551724137931,0.41379310344827586,0.034482758620689655,3.2758620689655173,1.103448275862069,0.06896551724137931,2.6551724137931036,0.0,Balanced,10.0
João Gomes,48,3,0.06,1,2,0,0,0,32,10,31,2,1,1,1645,34.27,2,35,37,8,47,18,0,93,1,168,56,13,23,42,20,254,285,282,37,26,34,0,0.020833333333333332,0.6666666666666666,3.5,0.4791666666666667,0.041666666666666664,5.291666666666667,5.9375,0.16666666666666666,0.9791666666666666,0.5416666666666666,Defensive,35.0
Sean Longstaff,149,10,0.07,0,8,2,0,0,137,38,28,3,15,9,4480,30.07,15,128,27,17,249,17,1,116,7,243,57,48,93,104,53,553,523,575,41,96,121,2,0.06040268456375839,0.9194630872483222,1.6308724832214765,0.6241610738255033,0.10067114093959731,3.7114093959731544,3.51006711409396,0.11409395973154363,1.6711409395973154,0.6442953020134228,Balanced,25.0
Miguel Almirón,179,23,0.13,0,3,20,0,0,250,80,32,10,24,6,4108,22.95,17,173,20,14,100,14,0,109,62,258,63,84,104,73,28,745,664,653,176,36,85,1,0.0335195530726257,1.3966480446927374,1.441340782122905,0.5810055865921788,0.09497206703910614,4.162011173184357,3.7094972067039107,0.0782122905027933,0.5586592178770949,0.2011173184357542,Balanced,20.0
Jack Grealish,172,26,0.15,2,18,6,0,0,263,88,33,6,18,27,5558,32.31,46,376,23,15,180,30,0,136,23,135,65,100,77,39,15,635,1014,707,289,86,120,1,0.1569767441860465,1.5290697674418605,0.7848837209302325,0.4476744186046512,0.26744186046511625,3.691860465116279,5.895348837209302,0.0872093023255814,1.0465116279069768,0.5,Attacking,60.0
Lucas Paquetá,62,9,0.15,1,1,7,4,0,99,28,28,4,6,9,2706,43.65,15,57,25,43,127,16,0,102,6,149,70,20,39,59,43,356,425,441,79,101,94,1,0.14516129032258066,1.596774193548387,2.403225806451613,0.6290322580645161,0.24193548387096775,5.741935483870968,6.854838709677419,0.6935483870967742,2.0483870967741935,1.6290322580645162,Defensive,65.0
Mathias Jensen,103,8,0.08,1,5,2,0,1,58,19,33,1,4,11,2982,28.95,19,361,36,16,268,11,0,84,6,159,55,13,79,60,15,409,297,433,59,26,44,0,0.10679611650485436,0.5631067961165048,1.5436893203883495,0.7669902912621359,0.18446601941747573,3.970873786407767,2.883495145631068,0.1553398058252427,2.6019417475728157,0.2524271844660194,Balanced,28.0
James Ward-Prowse,381,56,0.15,2,49,5,15,17,430,185,43,11,18,45,14490,38.03,68,2084,26,27,551,46,2,316,5,486,62,118,362,429,216,1817,1100,1425,96,320,481,1,0.11811023622047244,1.1286089238845145,1.2755905511811023,0.9501312335958005,0.1784776902887139,4.769028871391076,2.8871391076115485,0.07086614173228346,1.4461942257217848,0.8398950131233596,Attacking,30.0
Abdoulaye Doucouré,248,33,0.13,6,22,4,0,0,303,101,33,4,25,22,10560,42.58,27,127,17,15,299,55,1,279,44,433,59,91,235,246,100,1662,1011,1205,215,266,298,1,0.08870967741935484,1.221774193548387,1.7459677419354838,0.9475806451612904,0.10887096774193548,6.701612903225806,4.076612903225806,0.06048387096774194,1.2056451612903225,1.0725806451612903,Defensive,10.0
Boubacar Traoré,34,0,0.0,0,0,0,0,0,14,1,7,0,0,1,588,17.29,1,7,43,0,20,6,0,33,1,47,60,4,12,8,3,89,80,101,14,13,25,0,0.029411764705882353,0.4117647058823529,1.3823529411764706,0.35294117647058826,0.029411764705882353,2.6176470588235294,2.3529411764705883,0.0,0.5882352941176471,0.38235294117647056,Balanced,6.0
Curtis Jones,86,7,0.08,0,5,2,0,0,79,29,37,1,2,5,3084,35.86,5,26,23,11,67,7,1,61,9,92,54,30,37,28,11,276,263,316,76,33,46,0,0.05813953488372093,0.9186046511627907,1.069767441860465,0.43023255813953487,0.05813953488372093,3.2093023255813953,3.058139534883721,0.12790697674418605,0.7790697674418605,0.38372093023255816,Balanced,35.0
Edson Álvarez,33,1,0.03,0,1,0,0,0,18,3,17,0,0,1,1236,37.45,0,4,25,3,63,11,0,36,1,82,49,8,42,73,36,168,155,151,27,31,36,0,0.030303030303030304,0.5454545454545454,2.484848484848485,1.2727272727272727,0.0,5.090909090909091,4.696969696969697,0.09090909090909091,1.9090909090909092,0.9393939393939394,Defensive,35.0
Amadou Onana,66,5,0.08,4,0,1,0,0,69,14,20,1,5,2,2068,31.33,6,9,22,11,105,16,0,88,3,147,56,17,63,72,37,319,396,260,32,119,80,0,0.030303030303030304,1.0454545454545454,2.227272727272727,0.9545454545454546,0.09090909090909091,4.833333333333333,6.0,0.16666666666666666,1.5909090909090908,1.803030303030303,Defensive,50.0
Matt Ritchie,184,12,0.07,1,2,9,1,0,233,57,24,5,8,24,5177,28.14,34,971,25,16,291,32,0,186,9,231,66,87,177,242,120,778,614,769,71,140,249,1,0.13043478260869565,1.266304347826087,1.2554347826086956,0.9619565217391305,0.18478260869565216,4.228260869565218,3.3369565217391304,0.08695652173913043,1.5815217391304348,0.7608695652173914,Balanced,1.0
Phil Foden,165,54,0.33,2,11,41,0,2,301,133,44,9,25,26,5192,31.47,36,423,25,35,114,4,0,68,29,107,62,93,52,45,20,424,532,543,198,59,125,0,0.15757575757575756,1.8242424242424242,0.6484848484848484,0.3151515151515151,0.21818181818181817,2.56969696969697,3.224242424242424,0.21212121212121213,0.6909090909090909,0.3575757575757576,Attacking,150.0
Orel Mangala,47,2,0.04,0,2,0,0,0,19,4,21,1,1,1,1146,24.38,1,8,25,2,36,9,0,45,0,55,60,3,49,42,15,162,148,141,29,21,13,0,0.02127659574468085,0.40425531914893614,1.1702127659574468,1.0425531914893618,0.02127659574468085,3.4468085106382977,3.148936170212766,0.0425531914893617,0.7659574468085106,0.44680851063829785,Balanced,20.0
Carlos Baleba,29,0,0.0,0,0,0,0,0,25,5,20,0,0,0,818,28.21,1,0,0,0,22,7,0,42,0,44,52,9,20,27,14,101,113,98,12,29,11,2,0.0,0.8620689655172413,1.5172413793103448,0.6896551724137931,0.034482758620689655,3.4827586206896552,3.896551724137931,0.0,0.7586206896551724,1.0,Balanced,22.0
Harry Winks,131,2,0.02,1,1,0,0,0,39,8,21,2,1,3,5601,42.76,6,88,24,19,254,22,0,81,2,122,65,11,102,85,32,505,312,316,64,44,43,0,0.022900763358778626,0.29770992366412213,0.9312977099236641,0.7786259541984732,0.04580152671755725,3.854961832061069,2.381679389312977,0.1450381679389313,1.9389312977099236,0.33587786259541985,Balanced,12.0
Michael Olise,82,14,0.17,1,0,13,1,2,127,45,35,2,4,22,2314,28.22,28,435,24,15,102,6,0,57,10,99,63,47,43,28,7,299,391,421,122,32,71,0,0.2682926829268293,1.548780487804878,1.2073170731707317,0.524390243902439,0.34146341463414637,3.6463414634146343,4.7682926829268295,0.18292682926829268,1.2439024390243902,0.3902439024390244,Attacking,55.0
Cesare Casadei,11,0,0.0,0,0,0,0,0,0,0,0,0,0,0,65,5.91,0,0,0,0,2,0,0,4,0,5,60,0,0,4,1,1,20,11,2,12,5,0,0.0,0.0,0.45454545454545453,0.0,0.0,0.09090909090909091,1.8181818181818181,0.0,0.18181818181818182,1.0909090909090908,Balanced,10.0
Morgan Gibbs-White,123,12,0.1,1,11,0,3,0,164,47,29,4,13,19,3019,24.54,28,386,25,39,153,19,0,97,15,84,60,50,39,32,16,433,456,602,122,143,219,0,0.15447154471544716,1.3333333333333333,0.6829268292682927,0.3170731707317073,0.22764227642276422,3.5203252032520327,3.707317073170732,0.3170731707317073,1.2439024390243902,1.1626016260162602,Attacking,40.0
Christian Eriksen,288,54,0.19,1,30,22,0,8,658,238,36,18,25,76,14400,50.0,87,1432,23,133,700,22,0,124,11,331,71,224,182,159,65,1495,787,1200,199,122,214,1,0.2638888888888889,2.2847222222222223,1.1493055555555556,0.6319444444444444,0.3020833333333333,5.190972222222222,2.732638888888889,0.4618055555555556,2.4305555555555554,0.4236111111111111,Attacking,8.0
Ryan Yates,64,1,0.02,0,1,0,0,0,62,14,23,1,3,3,1463,22.86,4,14,14,2,54,11,0,109,3,107,57,19,31,86,40,228,307,223,11,77,60,0,0.046875,0.96875,1.671875,0.484375,0.0625,3.5625,4.796875,0.03125,0.84375,1.203125,Balanced,12.0
Christian Nørgaard,91,6,0.07,3,2,1,0,0,85,26,31,2,8,8,4013,44.1,18,46,24,16,169,23,0,136,1,251,57,25,157,151,88,665,480,480,32,110,137,0,0.08791208791208792,0.9340659340659341,2.758241758241758,1.7252747252747254,0.1978021978021978,7.3076923076923075,5.274725274725275,0.17582417582417584,1.8571428571428572,1.2087912087912087,Defensive,18.0
Kobbie Mainoo,28,3,0.11,0,3,0,0,0,12,5,42,0,0,1,997,35.61,0,6,17,8,24,5,0,22,1,55,64,3,33,27,15,114,147,140,41,21,33,2,0.03571428571428571,0.42857142857142855,1.9642857142857142,1.1785714285714286,0.0,4.071428571428571,5.25,0.2857142857142857,0.8571428571428571,0.75,Defensive,55.0
Yoane Wissa,105,28,0.27,4,16,8,0,0,139,57,41,3,18,8,1100,10.48,10,45,13,10,27,11,0,69,46,58,60,27,24,34,24,235,310,310,61,83,106,0,0.0761904761904762,1.3238095238095238,0.5523809523809524,0.22857142857142856,0.09523809523809523,2.238095238095238,2.9523809523809526,0.09523809523809523,0.2571428571428571,0.7904761904761904,Balanced,28.0
Jeffrey Schlupp,270,22,0.08,2,4,16,0,0,228,73,32,2,15,14,5356,19.84,21,270,18,10,225,26,0,233,3,456,66,69,244,311,166,967,1246,1309,281,312,402,1,0.05185185185185185,0.8444444444444444,1.6888888888888889,0.9037037037037037,0.07777777777777778,3.5814814814814815,4.614814814814815,0.037037037037037035,0.8333333333333334,1.1555555555555554,Balanced,7.0
Andreas Pereira,118,9,0.08,0,6,3,1,0,161,55,34,7,8,17,3167,26.84,25,539,30,18,151,25,0,107,9,77,55,41,31,31,9,370,273,546,70,40,116,1,0.1440677966101695,1.3644067796610169,0.652542372881356,0.2627118644067797,0.211864406779661,3.135593220338983,2.3135593220338984,0.15254237288135594,1.2796610169491525,0.3389830508474576,Attacking,20.0
Mason Mount,145,28,0.19,0,24,4,2,2,276,97,35,10,17,22,4997,34.46,34,539,29,23,135,16,0,157,14,211,48,88,74,50,21,529,527,697,121,53,139,0,0.15172413793103448,1.903448275862069,1.4551724137931035,0.5103448275862069,0.23448275862068965,3.6482758620689655,3.6344827586206896,0.15862068965517243,0.9310344827586207,0.36551724137931035,Attacking,35.0
Cole Palmer,55,23,0.42,2,3,18,9,0,133,54,41,2,9,16,1655,30.09,23,106,22,28,80,10,0,27,7,32,50,43,24,15,3,140,142,169,71,4,7,0,0.2909090909090909,2.418181818181818,0.5818181818181818,0.43636363636363634,0.41818181818181815,2.5454545454545454,2.581818181818182,0.509090909090909,1.4545454545454546,0.07272727272727272,Attacking,80.0
Thomas Partey,98,6,0.06,1,4,0,0,0,109,21,19,5,4,3,5035,51.38,4,20,20,26,274,19,0,106,0,177,59,34,91,101,37,586,443,356,108,92,77,1,0.030612244897959183,1.1122448979591837,1.8061224489795917,0.9285714285714286,0.04081632653061224,5.979591836734694,4.520408163265306,0.2653061224489796,2.795918367346939,0.9387755102040817,Defensive,18.0
Martin Ødegaard,125,31,0.25,1,3,27,2,1,241,82,34,2,13,23,5744,45.95,39,267,29,87,158,11,0,89,8,148,45,92,35,32,10,548,403,544,128,36,65,1,0.184,1.928,1.184,0.28,0.312,4.384,3.224,0.696,1.264,0.288,Attacking,110.0
Emile Smith Rowe,83,13,0.16,0,7,6,0,0,76,38,50,2,7,9,1933,23.29,9,71,11,5,30,1,0,19,7,37,54,21,32,23,10,220,150,180,49,15,36,0,0.10843373493975904,0.9156626506024096,0.4457831325301205,0.3855421686746988,0.10843373493975904,2.6506024096385543,1.8072289156626506,0.060240963855421686,0.3614457831325301,0.18072289156626506,Balanced,22.0
Jorginho,181,21,0.12,0,21,0,19,0,76,32,42,1,4,8,11424,63.12,23,25,24,74,464,30,0,149,0,347,54,19,245,122,52,1133,674,680,71,82,125,3,0.04419889502762431,0.4198895027624309,1.9171270718232045,1.3535911602209945,0.1270718232044199,6.259668508287293,3.723756906077348,0.4088397790055249,2.56353591160221,0.4530386740331492,Defensive,12.0
Fabio Vieira,33,2,0.06,0,0,2,1,0,22,4,18,0,0,4,401,12.15,5,35,23,5,9,0,1,11,2,9,67,7,6,3,1,50,36,47,8,4,5,0,0.12121212121212122,0.6666666666666666,0.2727272727272727,0.18181818181818182,0.15151515151515152,1.5151515151515151,1.0909090909090908,0.15151515151515152,0.2727272727272727,0.12121212121212122,Balanced,22.0
Declan Rice,245,17,0.07,3,14,0,1,0,208,60,29,10,9,18,11888,48.52,19,210,27,12,708,32,1,172,9,552,56,61,388,368,197,1714,1135,859,216,304,244,2,0.07346938775510205,0.8489795918367347,2.253061224489796,1.583673469387755,0.07755102040816327,6.995918367346939,4.63265306122449,0.04897959183673469,2.889795918367347,1.2408163265306122,Defensive,120.0
Ainsley Maitland-Niles,109,1,0.01,0,1,0,0,0,29,9,31,1,2,3,3238,29.71,5,98,23,5,128,11,2,66,3,186,58,7,116,135,60,449,400,393,101,55,74,1,0.027522935779816515,0.26605504587155965,1.7064220183486238,1.0642201834862386,0.045871559633027525,4.1192660550458715,3.669724770642202,0.045871559633027525,1.1743119266055047,0.5045871559633027,Balanced,9.0
Rodri,173,22,0.13,5,13,4,1,0,213,67,31,4,8,21,14887,86.05,21,49,22,25,921,32,1,219,11,332,60,59,149,210,131,1345,955,681,138,349,151,4,0.12138728323699421,1.23121387283237,1.9190751445086704,0.861271676300578,0.12138728323699421,7.77456647398844,5.520231213872832,0.14450867052023122,5.323699421965318,2.0173410404624277,Defensive,130.0
